Datetime (UTC),Country,Zone name,Zone id,Carbon intensity gCO₂eq/kWh (direct),Carbon intensity gCO₂eq/kWh (Life cycle),Carbon-free energy percentage (CFE%),Renewable energy percentage (RE%),Data source
2024-01-01 00:00:00,Bosnia and Herzegovina,Bosnia and Herzegovina,BA,495.84,540.18,34.21,31.75,entsoe.eu; Electricity Maps Estimation,,
2024-01-02 00:00:00,Bosnia and Herzegovina,Bosnia and Herzegovina,BA,440.02,480.53,41.62,39.53,entsoe.eu,,
2024-01-03 00:00:00,Bosnia and Herzegovina,Bosnia and Herzegovina,BA,429.10,468.89,43.03,41.59,entsoe.eu; Electricity Maps Estimation,,
2024-01-04 00:00:00,Bosnia and Herzegovina,Bosnia and Herzegovina,BA,450.46,491.05,40.51,40.06,entsoe.eu; Electricity Maps Estimation,,
2024-01-05 00:00:00,Bosnia and Herzegovina,Bosnia and Herzegovina,BA,430.07,468.68,43.24,42.59,entsoe.eu,,
2024-01-06 00:00:00,Bosnia and Herzegovina,Bosnia and Herzegovina,BA,461.78,502.61,39.17,39.12,entsoe.eu; Electricity Maps Estimation,,
2024-01-07 00:00:00,Bosnia and Herzegovina,Bosnia and Herzegovina,BA,450.79,490.89,40.63,40.58,entsoe.eu,,
2024-01-08 00:00:00,Bosnia and Herzegovina,Bosnia and Herzegovina,BA,378.09,412.97,50.68,50.61,entsoe.eu; Electricity Maps Estimation,,
2024-01-09 00:00:00,Bosnia and Herzegovina,Bosnia and Herzegovina,BA,382.19,417.72,49.97,49.90,entsoe.eu; Electricity Maps Estimation,,
2024-01-10 00:00:00,Bosnia and Herzegovina,Bosnia and Herzegovina,BA,398.37,434.08,48.62,48.38,entsoe.eu; Electricity Maps Estimation,,
2024-01-11 00:00:00,Bosnia and Herzegovina,Bosnia and Herzegovina,BA,419.84,458.34,44.65,43.75,entsoe.eu,,
2024-01-12 00:00:00,Bosnia and Herzegovina,Bosnia and Herzegovina,BA,418.89,457.67,44.61,43.90,entsoe.eu; Electricity Maps Estimation,,
2024-01-13 00:00:00,Bosnia and Herzegovina,Bosnia and Herzegovina,BA,403.45,444.27,45.38,42.55,entsoe.eu,,
2024-01-14 00:00:00,Bosnia and Herzegovina,Bosnia and Herzegovina,BA,432.60,474.98,41.70,39.28,entsoe.eu,,
2024-01-15 00:00:00,Bosnia and Herzegovina,Bosnia and Herzegovina,BA,414.13,453.68,44.69,43.43,entsoe.eu; Electricity Maps Estimation,,
2024-01-16 00:00:00,Bosnia and Herzegovina,Bosnia and Herzegovina,BA,435.50,475.08,42.59,41.87,entsoe.eu,,
2024-01-17 00:00:00,Bosnia and Herzegovina,Bosnia and Herzegovina,BA,432.55,472.02,43.00,42.40,entsoe.eu,,
2024-01-18 00:00:00,Bosnia and Herzegovina,Bosnia and Herzegovina,BA,459.67,499.63,40.11,40.11,entsoe.eu; Electricity Maps Estimation,,
2024-01-19 00:00:00,Bosnia and Herzegovina,Bosnia and Herzegovina,BA,425.96,464.29,44.01,43.64,entsoe.eu; Electricity Maps Estimation,,
2024-01-20 00:00:00,Bosnia and Herzegovina,Bosnia and Herzegovina,BA,399.01,437.39,46.39,44.96,entsoe.eu,,
2024-01-21 00:00:00,Bosnia and Herzegovina,Bosnia and Herzegovina,BA,442.22,482.94,41.14,39.85,entsoe.eu; Electricity Maps Estimation,,
2024-01-22 00:00:00,Bosnia and Herzegovina,Bosnia and Herzegovina,BA,410.09,448.07,46.01,44.49,entsoe.eu; Electricity Maps Estimation,,
2024-01-23 00:00:00,Bosnia and Herzegovina,Bosnia and Herzegovina,BA,395.72,433.17,47.51,45.27,entsoe.eu,,
2024-01-24 00:00:00,Bosnia and Herzegovina,Bosnia and Herzegovina,BA,425.43,465.23,43.36,42.09,entsoe.eu,,
2024-01-25 00:00:00,Bosnia and Herzegovina,Bosnia and Herzegovina,BA,418.05,457.88,44.20,42.13,entsoe.eu; Electricity Maps Estimation,,
2024-01-26 00:00:00,Bosnia and Herzegovina,Bosnia and Herzegovina,BA,419.99,459.57,44.25,42.31,entsoe.eu,,
2024-01-27 00:00:00,Bosnia and Herzegovina,Bosnia and Herzegovina,BA,389.21,431.19,46.57,42.13,entsoe.eu; Electricity Maps Estimation,,
2024-01-28 00:00:00,Bosnia and Herzegovina,Bosnia and Herzegovina,BA,462.99,506.10,38.16,36.81,entsoe.eu; Electricity Maps Estimation,,
2024-01-29 00:00:00,Bosnia and Herzegovina,Bosnia and Herzegovina,BA,429.97,469.78,42.97,42.20,entsoe.eu; Electricity Maps Estimation,,
2024-01-30 00:00:00,Bosnia and Herzegovina,Bosnia and Herzegovina,BA,451.23,492.02,40.20,39.15,entsoe.eu; Electricity Maps Estimation,,
2024-01-31 00:00:00,Bosnia and Herzegovina,Bosnia and Herzegovina,BA,451.79,492.85,40.13,39.24,entsoe.eu,,
2024-02-01 00:00:00,Bosnia and Herzegovina,Bosnia and Herzegovina,BA,436.30,476.49,42.32,40.87,entsoe.eu,,
2024-02-02 00:00:00,Bosnia and Herzegovina,Bosnia and Herzegovina,BA,443.88,485.81,40.63,38.87,entsoe.eu,,
2024-02-03 00:00:00,Bosnia and Herzegovina,Bosnia and Herzegovina,BA,482.11,527.05,35.63,33.00,entsoe.eu; Electricity Maps Estimation,,
2024-02-04 00:00:00,Bosnia and Herzegovina,Bosnia and Herzegovina,BA,506.00,553.59,32.19,28.37,entsoe.eu; Electricity Maps Estimation,,
2024-02-05 00:00:00,Bosnia and Herzegovina,Bosnia and Herzegovina,BA,492.46,535.69,34.89,34.13,entsoe.eu,,
2024-02-06 00:00:00,Bosnia and Herzegovina,Bosnia and Herzegovina,BA,482.56,525.76,36.01,34.83,entsoe.eu; Electricity Maps Estimation,,
2024-02-07 00:00:00,Bosnia and Herzegovina,Bosnia and Herzegovina,BA,488.91,532.24,35.33,34.70,entsoe.eu; Electricity Maps Estimation,,
2024-02-08 00:00:00,Bosnia and Herzegovina,Bosnia and Herzegovina,BA,479.62,522.24,36.59,36.33,entsoe.eu,,
2024-02-09 00:00:00,Bosnia and Herzegovina,Bosnia and Herzegovina,BA,431.42,470.48,43.24,42.87,entsoe.eu; Electricity Maps Estimation,,
2024-02-10 00:00:00,Bosnia and Herzegovina,Bosnia and Herzegovina,BA,455.61,496.50,39.80,39.55,entsoe.eu,,
2024-02-11 00:00:00,Bosnia and Herzegovina,Bosnia and Herzegovina,BA,466.67,507.08,39.43,39.04,entsoe.eu; Electricity Maps Estimation,,
2024-02-12 00:00:00,Bosnia and Herzegovina,Bosnia and Herzegovina,BA,404.05,438.82,48.88,48.40,entsoe.eu; Electricity Maps Estimation,,
2024-02-13 00:00:00,Bosnia and Herzegovina,Bosnia and Herzegovina,BA,362.00,391.79,55.10,54.39,entsoe.eu,,
2024-02-14 00:00:00,Bosnia and Herzegovina,Bosnia and Herzegovina,BA,400.20,435.22,49.14,48.96,entsoe.eu; Electricity Maps Estimation,,
2024-02-15 00:00:00,Bosnia and Herzegovina,Bosnia and Herzegovina,BA,395.41,431.00,49.11,48.79,entsoe.eu; Electricity Maps Estimation,,
2024-02-16 00:00:00,Bosnia and Herzegovina,Bosnia and Herzegovina,BA,344.14,376.56,55.50,54.72,entsoe.eu; Electricity Maps Estimation,,
2024-02-17 00:00:00,Bosnia and Herzegovina,Bosnia and Herzegovina,BA,385.31,421.50,49.22,47.33,entsoe.eu,,
2024-02-18 00:00:00,Bosnia and Herzegovina,Bosnia and Herzegovina,BA,393.25,432.33,47.01,44.07,entsoe.eu,,
2024-02-19 00:00:00,Bosnia and Herzegovina,Bosnia and Herzegovina,BA,433.84,473.11,42.68,40.78,entsoe.eu,,
2024-02-20 00:00:00,Bosnia and Herzegovina,Bosnia and Herzegovina,BA,418.54,456.38,44.80,42.99,entsoe.eu; Electricity Maps Estimation,,
2024-02-21 00:00:00,Bosnia and Herzegovina,Bosnia and Herzegovina,BA,384.47,421.19,48.87,46.67,entsoe.eu; Electricity Maps Estimation,,
2024-02-22 00:00:00,Bosnia and Herzegovina,Bosnia and Herzegovina,BA,381.31,419.11,48.96,47.43,entsoe.eu,,
2024-02-23 00:00:00,Bosnia and Herzegovina,Bosnia and Herzegovina,BA,394.06,430.65,48.76,47.93,entsoe.eu,,
2024-02-24 00:00:00,Bosnia and Herzegovina,Bosnia and Herzegovina,BA,467.65,509.43,38.17,37.95,entsoe.eu; Electricity Maps Estimation,,
2024-02-25 00:00:00,Bosnia and Herzegovina,Bosnia and Herzegovina,BA,476.14,516.09,38.78,38.75,entsoe.eu,,
2024-02-26 00:00:00,Bosnia and Herzegovina,Bosnia and Herzegovina,BA,458.11,494.95,42.90,42.78,entsoe.eu; Electricity Maps Estimation,,
2024-02-27 00:00:00,Bosnia and Herzegovina,Bosnia and Herzegovina,BA,437.40,474.53,44.35,44.21,entsoe.eu,,
2024-02-28 00:00:00,Bosnia and Herzegovina,Bosnia and Herzegovina,BA,419.95,456.25,46.51,46.29,entsoe.eu; Electricity Maps Estimation,,
2024-02-29 00:00:00,Bosnia and Herzegovina,Bosnia and Herzegovina,BA,408.92,445.28,47.15,46.97,entsoe.eu,,
2024-03-01 00:00:00,Bosnia and Herzegovina,Bosnia and Herzegovina,BA,382.53,418.05,50.33,49.64,entsoe.eu,,
2024-03-02 00:00:00,Bosnia and Herzegovina,Bosnia and Herzegovina,BA,369.50,406.20,50.64,48.94,entsoe.eu,,
2024-03-03 00:00:00,Bosnia and Herzegovina,Bosnia and Herzegovina,BA,393.13,432.13,47.19,45.99,entsoe.eu; Electricity Maps Estimation,,
2024-03-04 00:00:00,Bosnia and Herzegovina,Bosnia and Herzegovina,BA,432.20,471.60,42.87,42.66,entsoe.eu,,
2024-03-05 00:00:00,Bosnia and Herzegovina,Bosnia and Herzegovina,BA,445.50,485.21,41.37,41.34,entsoe.eu,,
2024-03-06 00:00:00,Bosnia and Herzegovina,Bosnia and Herzegovina,BA,422.80,460.91,44.61,44.52,entsoe.eu,,
2024-03-07 00:00:00,Bosnia and Herzegovina,Bosnia and Herzegovina,BA,342.83,375.88,55.18,54.82,entsoe.eu,,
2024-03-08 00:00:00,Bosnia and Herzegovina,Bosnia and Herzegovina,BA,365.43,401.30,51.34,50.42,entsoe.eu,,
2024-03-09 00:00:00,Bosnia and Herzegovina,Bosnia and Herzegovina,BA,284.16,318.64,60.63,56.32,entsoe.eu,,
2024-03-10 00:00:00,Bosnia and Herzegovina,Bosnia and Herzegovina,BA,303.50,336.41,58.87,56.61,entsoe.eu; Electricity Maps Estimation,,
2024-03-11 00:00:00,Bosnia and Herzegovina,Bosnia and Herzegovina,BA,360.62,394.43,52.92,52.60,entsoe.eu,,
2024-03-12 00:00:00,Bosnia and Herzegovina,Bosnia and Herzegovina,BA,412.76,448.38,47.30,47.20,entsoe.eu,,
2024-03-13 00:00:00,Bosnia and Herzegovina,Bosnia and Herzegovina,BA,412.47,446.68,48.10,47.89,entsoe.eu,,
2024-03-14 00:00:00,Bosnia and Herzegovina,Bosnia and Herzegovina,BA,356.34,387.36,54.85,54.12,entsoe.eu,,
2024-03-15 00:00:00,Bosnia and Herzegovina,Bosnia and Herzegovina,BA,369.32,404.71,51.77,49.87,entsoe.eu; Electricity Maps Estimation,,
2024-03-16 00:00:00,Bosnia and Herzegovina,Bosnia and Herzegovina,BA,363.89,401.32,51.71,47.35,entsoe.eu; Electricity Maps Estimation,,
2024-03-17 00:00:00,Bosnia and Herzegovina,Bosnia and Herzegovina,BA,404.81,444.12,45.83,43.66,entsoe.eu; Electricity Maps Estimation,,
2024-03-18 00:00:00,Bosnia and Herzegovina,Bosnia and Herzegovina,BA,411.74,449.00,46.45,46.16,entsoe.eu; Electricity Maps Estimation,,
2024-03-19 00:00:00,Bosnia and Herzegovina,Bosnia and Herzegovina,BA,419.12,457.14,45.06,44.96,entsoe.eu; Electricity Maps Estimation,,
2024-03-20 00:00:00,Bosnia and Herzegovina,Bosnia and Herzegovina,BA,399.68,436.41,47.78,47.51,entsoe.eu; Electricity Maps Estimation,,
2024-03-21 00:00:00,Bosnia and Herzegovina,Bosnia and Herzegovina,BA,416.92,455.16,45.08,44.83,entsoe.eu; Electricity Maps Estimation,,
2024-03-22 00:00:00,Bosnia and Herzegovina,Bosnia and Herzegovina,BA,393.36,430.40,47.96,47.50,entsoe.eu,,
2024-03-23 00:00:00,Bosnia and Herzegovina,Bosnia and Herzegovina,BA,318.82,355.52,56.21,52.08,entsoe.eu; Electricity Maps Estimation,,
2024-03-24 00:00:00,Bosnia and Herzegovina,Bosnia and Herzegovina,BA,343.76,382.44,52.90,49.03,entsoe.eu; Electricity Maps Estimation,,
2024-03-25 00:00:00,Bosnia and Herzegovina,Bosnia and Herzegovina,BA,318.26,349.69,58.62,58.18,entsoe.eu,,
2024-03-26 00:00:00,Bosnia and Herzegovina,Bosnia and Herzegovina,BA,363.85,400.18,51.54,50.59,entsoe.eu,,
2024-03-27 00:00:00,Bosnia and Herzegovina,Bosnia and Herzegovina,BA,363.19,398.15,52.09,51.59,entsoe.eu; Electricity Maps Estimation,,
2024-03-28 00:00:00,Bosnia and Herzegovina,Bosnia and Herzegovina,BA,291.29,322.67,61.04,59.67,entsoe.eu; Electricity Maps Estimation,,
2024-03-29 00:00:00,Bosnia and Herzegovina,Bosnia and Herzegovina,BA,267.57,297.96,64.01,60.00,entsoe.eu,,
2024-03-30 00:00:00,Bosnia and Herzegovina,Bosnia and Herzegovina,BA,301.82,332.10,60.02,58.88,entsoe.eu,,
2024-03-31 00:00:00,Bosnia and Herzegovina,Bosnia and Herzegovina,BA,444.57,484.84,41.01,40.55,entsoe.eu; Electricity Maps Estimation,,
2024-04-01 00:00:00,Bosnia and Herzegovina,Bosnia and Herzegovina,BA,299.36,332.88,59.46,56.38,entsoe.eu,,
2024-04-02 00:00:00,Bosnia and Herzegovina,Bosnia and Herzegovina,BA,394.75,432.15,47.87,46.37,entsoe.eu,,
2024-04-03 00:00:00,Bosnia and Herzegovina,Bosnia and Herzegovina,BA,415.38,453.43,45.71,44.87,entsoe.eu,,
2024-04-04 00:00:00,Bosnia and Herzegovina,Bosnia and Herzegovina,BA,407.83,445.92,46.12,45.10,entsoe.eu,,
2024-04-05 00:00:00,Bosnia and Herzegovina,Bosnia and Herzegovina,BA,439.00,479.97,41.79,39.49,entsoe.eu,,
2024-04-06 00:00:00,Bosnia and Herzegovina,Bosnia and Herzegovina,BA,407.50,449.57,45.47,41.46,entsoe.eu; Electricity Maps Estimation,,
2024-04-07 00:00:00,Bosnia and Herzegovina,Bosnia and Herzegovina,BA,456.31,500.54,39.20,36.09,entsoe.eu,,
2024-04-08 00:00:00,Bosnia and Herzegovina,Bosnia and Herzegovina,BA,441.05,481.09,41.94,41.44,entsoe.eu,,
2024-04-09 00:00:00,Bosnia and Herzegovina,Bosnia and Herzegovina,BA,422.05,461.13,44.26,43.11,entsoe.eu,,
2024-04-10 00:00:00,Bosnia and Herzegovina,Bosnia and Herzegovina,BA,430.66,470.90,42.92,41.60,entsoe.eu,,
2024-04-11 00:00:00,Bosnia and Herzegovina,Bosnia and Herzegovina,BA,433.31,473.25,42.78,41.88,entsoe.eu,,
2024-04-12 00:00:00,Bosnia and Herzegovina,Bosnia and Herzegovina,BA,441.27,481.20,42.20,41.04,entsoe.eu; Electricity Maps Estimation,,
2024-04-13 00:00:00,Bosnia and Herzegovina,Bosnia and Herzegovina,BA,304.79,340.46,58.64,52.69,entsoe.eu,,
2024-04-14 00:00:00,Bosnia and Herzegovina,Bosnia and Herzegovina,BA,292.74,329.01,60.09,53.66,entsoe.eu; Electricity Maps Estimation,,
2024-04-15 00:00:00,Bosnia and Herzegovina,Bosnia and Herzegovina,BA,408.85,447.60,45.90,44.31,entsoe.eu,,
2024-04-16 00:00:00,Bosnia and Herzegovina,Bosnia and Herzegovina,BA,468.27,510.12,38.65,37.35,entsoe.eu; Electricity Maps Estimation,,
2024-04-17 00:00:00,Bosnia and Herzegovina,Bosnia and Herzegovina,BA,407.51,444.37,47.16,46.91,entsoe.eu; Electricity Maps Estimation,,
2024-04-18 00:00:00,Bosnia and Herzegovina,Bosnia and Herzegovina,BA,405.91,443.31,46.94,46.43,entsoe.eu,,
2024-04-19 00:00:00,Bosnia and Herzegovina,Bosnia and Herzegovina,BA,443.08,484.99,41.21,38.86,entsoe.eu; Electricity Maps Estimation,,
2024-04-20 00:00:00,Bosnia and Herzegovina,Bosnia and Herzegovina,BA,481.44,525.14,36.23,34.56,entsoe.eu,,
2024-04-21 00:00:00,Bosnia and Herzegovina,Bosnia and Herzegovina,BA,432.45,475.15,42.04,39.09,entsoe.eu; Electricity Maps Estimation,,
2024-04-22 00:00:00,Bosnia and Herzegovina,Bosnia and Herzegovina,BA,474.86,516.74,37.87,37.12,entsoe.eu,,
2024-04-23 00:00:00,Bosnia and Herzegovina,Bosnia and Herzegovina,BA,471.80,513.11,38.38,37.99,entsoe.eu; Electricity Maps Estimation,,
2024-04-24 00:00:00,Bosnia and Herzegovina,Bosnia and Herzegovina,BA,460.23,500.55,40.33,39.72,entsoe.eu; Electricity Maps Estimation,,
2024-04-25 00:00:00,Bosnia and Herzegovina,Bosnia and Herzegovina,BA,459.58,500.80,39.74,39.39,entsoe.eu,,
2024-04-26 00:00:00,Bosnia and Herzegovina,Bosnia and Herzegovina,BA,479.29,521.99,37.23,36.11,entsoe.eu; Electricity Maps Estimation,,
2024-04-27 00:00:00,Bosnia and Herzegovina,Bosnia and Herzegovina,BA,499.09,543.69,34.48,32.70,entsoe.eu,,
2024-04-28 00:00:00,Bosnia and Herzegovina,Bosnia and Herzegovina,BA,451.00,494.31,40.01,37.46,entsoe.eu,,
2024-04-29 00:00:00,Bosnia and Herzegovina,Bosnia and Herzegovina,BA,434.72,475.04,43.16,41.61,entsoe.eu; Electricity Maps Estimation,,
2024-04-30 00:00:00,Bosnia and Herzegovina,Bosnia and Herzegovina,BA,527.22,573.08,30.82,29.40,entsoe.eu,,
2024-05-01 00:00:00,Bosnia and Herzegovina,Bosnia and Herzegovina,BA,423.91,467.59,42.82,39.08,entsoe.eu,,
2024-05-02 00:00:00,Bosnia and Herzegovina,Bosnia and Herzegovina,BA,428.34,470.19,43.11,39.20,entsoe.eu,,
2024-05-03 00:00:00,Bosnia and Herzegovina,Bosnia and Herzegovina,BA,543.62,589.20,29.35,28.76,entsoe.eu,,
2024-05-04 00:00:00,Bosnia and Herzegovina,Bosnia and Herzegovina,BA,561.12,608.04,26.79,26.39,entsoe.eu; Electricity Maps Estimation,,
2024-05-05 00:00:00,Bosnia and Herzegovina,Bosnia and Herzegovina,BA,596.53,647.05,21.32,20.69,entsoe.eu,,
2024-05-06 00:00:00,Bosnia and Herzegovina,Bosnia and Herzegovina,BA,551.35,598.21,27.85,27.43,entsoe.eu; Electricity Maps Estimation,,
2024-05-07 00:00:00,Bosnia and Herzegovina,Bosnia and Herzegovina,BA,462.27,503.79,39.30,38.18,entsoe.eu,,
2024-05-08 00:00:00,Bosnia and Herzegovina,Bosnia and Herzegovina,BA,467.89,509.81,38.43,37.46,entsoe.eu,,
2024-05-09 00:00:00,Bosnia and Herzegovina,Bosnia and Herzegovina,BA,399.37,439.31,46.76,43.44,entsoe.eu,,
2024-05-10 00:00:00,Bosnia and Herzegovina,Bosnia and Herzegovina,BA,446.09,487.62,40.81,39.28,entsoe.eu; Electricity Maps Estimation,,
2024-05-11 00:00:00,Bosnia and Herzegovina,Bosnia and Herzegovina,BA,481.04,524.88,36.65,34.02,entsoe.eu; Electricity Maps Estimation,,
2024-05-12 00:00:00,Bosnia and Herzegovina,Bosnia and Herzegovina,BA,495.17,541.07,34.18,31.04,entsoe.eu; Electricity Maps Estimation,,
2024-05-13 00:00:00,Bosnia and Herzegovina,Bosnia and Herzegovina,BA,455.95,497.17,40.05,37.44,entsoe.eu; Electricity Maps Estimation,,
2024-05-14 00:00:00,Bosnia and Herzegovina,Bosnia and Herzegovina,BA,425.38,464.34,44.28,41.96,entsoe.eu,,
2024-05-15 00:00:00,Bosnia and Herzegovina,Bosnia and Herzegovina,BA,374.57,410.17,51.04,48.83,entsoe.eu; Electricity Maps Estimation,,
2024-05-16 00:00:00,Bosnia and Herzegovina,Bosnia and Herzegovina,BA,399.96,438.81,46.55,43.88,entsoe.eu,,
2024-05-17 00:00:00,Bosnia and Herzegovina,Bosnia and Herzegovina,BA,464.48,506.15,38.96,36.24,entsoe.eu,,
2024-05-18 00:00:00,Bosnia and Herzegovina,Bosnia and Herzegovina,BA,410.10,450.27,45.28,39.98,entsoe.eu,,
2024-05-19 00:00:00,Bosnia and Herzegovina,Bosnia and Herzegovina,BA,381.87,422.46,48.00,40.71,entsoe.eu,,
2024-05-20 00:00:00,Bosnia and Herzegovina,Bosnia and Herzegovina,BA,402.20,442.31,45.89,41.61,entsoe.eu,,
2024-05-21 00:00:00,Bosnia and Herzegovina,Bosnia and Herzegovina,BA,327.91,362.64,55.90,52.99,entsoe.eu,,
2024-05-22 00:00:00,Bosnia and Herzegovina,Bosnia and Herzegovina,BA,419.28,458.63,44.65,42.98,entsoe.eu; Electricity Maps Estimation,,
2024-05-23 00:00:00,Bosnia and Herzegovina,Bosnia and Herzegovina,BA,486.38,528.87,36.42,35.44,entsoe.eu,,
2024-05-24 00:00:00,Bosnia and Herzegovina,Bosnia and Herzegovina,BA,487.46,531.25,35.46,34.53,entsoe.eu,,
2024-05-25 00:00:00,Bosnia and Herzegovina,Bosnia and Herzegovina,BA,500.80,545.71,33.75,31.34,entsoe.eu,,
2024-05-26 00:00:00,Bosnia and Herzegovina,Bosnia and Herzegovina,BA,518.60,565.09,31.53,28.62,entsoe.eu; Electricity Maps Estimation,,
2024-05-27 00:00:00,Bosnia and Herzegovina,Bosnia and Herzegovina,BA,497.36,540.39,34.93,34.54,entsoe.eu; Electricity Maps Estimation,,
2024-05-28 00:00:00,Bosnia and Herzegovina,Bosnia and Herzegovina,BA,454.16,495.62,40.17,37.99,entsoe.eu; Electricity Maps Estimation,,
2024-05-29 00:00:00,Bosnia and Herzegovina,Bosnia and Herzegovina,BA,440.21,481.17,41.96,39.43,Electricity Maps Estimation,,
2024-05-30 00:00:00,Bosnia and Herzegovina,Bosnia and Herzegovina,BA,434.88,475.96,42.41,39.97,Electricity Maps Estimation,,
2024-05-31 00:00:00,Bosnia and Herzegovina,Bosnia and Herzegovina,BA,446.77,487.77,41.07,40.01,Electricity Maps Estimation,,
2024-06-01 00:00:00,Bosnia and Herzegovina,Bosnia and Herzegovina,BA,390.61,428.39,48.54,45.08,Electricity Maps Estimation,,
2024-06-02 00:00:00,Bosnia and Herzegovina,Bosnia and Herzegovina,BA,345.10,381.54,54.15,47.96,Electricity Maps Estimation,,
2024-06-03 00:00:00,Bosnia and Herzegovina,Bosnia and Herzegovina,BA,438.58,478.02,42.69,41.03,Electricity Maps Estimation,,
2024-06-04 00:00:00,Bosnia and Herzegovina,Bosnia and Herzegovina,BA,437.72,477.53,42.77,41.07,Electricity Maps Estimation,,
2024-06-05 00:00:00,Bosnia and Herzegovina,Bosnia and Herzegovina,BA,389.86,427.16,49.12,44.97,Electricity Maps Estimation,,
2024-06-06 00:00:00,Bosnia and Herzegovina,Bosnia and Herzegovina,BA,411.23,450.23,46.17,42.84,Electricity Maps Estimation,,
2024-06-07 00:00:00,Bosnia and Herzegovina,Bosnia and Herzegovina,BA,401.89,439.14,48.04,44.16,Electricity Maps Estimation,,
2024-06-08 00:00:00,Bosnia and Herzegovina,Bosnia and Herzegovina,BA,357.12,392.41,54.11,47.25,Electricity Maps Estimation,,
2024-06-09 00:00:00,Bosnia and Herzegovina,Bosnia and Herzegovina,BA,341.13,375.41,56.27,48.39,Electricity Maps Estimation,,
2024-06-10 00:00:00,Bosnia and Herzegovina,Bosnia and Herzegovina,BA,396.71,433.41,48.76,45.11,Electricity Maps Estimation,,
2024-06-11 00:00:00,Bosnia and Herzegovina,Bosnia and Herzegovina,BA,398.81,436.06,48.30,43.94,Electricity Maps Estimation,,
2024-06-12 00:00:00,Bosnia and Herzegovina,Bosnia and Herzegovina,BA,396.90,434.43,48.32,44.47,Electricity Maps Estimation,,
2024-06-13 00:00:00,Bosnia and Herzegovina,Bosnia and Herzegovina,BA,392.69,430.24,48.76,44.77,Electricity Maps Estimation,,
2024-06-14 00:00:00,Bosnia and Herzegovina,Bosnia and Herzegovina,BA,381.52,418.29,50.10,45.80,Electricity Maps Estimation,,
2024-06-15 00:00:00,Bosnia and Herzegovina,Bosnia and Herzegovina,BA,330.62,365.95,56.52,47.95,Electricity Maps Estimation,,
2024-06-16 00:00:00,Bosnia and Herzegovina,Bosnia and Herzegovina,BA,334.35,370.34,55.94,47.60,Electricity Maps Estimation,,
2024-06-17 00:00:00,Bosnia and Herzegovina,Bosnia and Herzegovina,BA,391.34,429.09,48.80,44.02,Electricity Maps Estimation,,
2024-06-18 00:00:00,Bosnia and Herzegovina,Bosnia and Herzegovina,BA,419.19,457.93,45.18,42.38,Electricity Maps Estimation,,
2024-06-19 00:00:00,Bosnia and Herzegovina,Bosnia and Herzegovina,BA,421.62,460.66,44.84,42.22,Electricity Maps Estimation,,
2024-06-20 00:00:00,Bosnia and Herzegovina,Bosnia and Herzegovina,BA,443.74,483.88,41.84,40.57,Electricity Maps Estimation,,
2024-06-21 00:00:00,Bosnia and Herzegovina,Bosnia and Herzegovina,BA,402.86,441.50,46.88,43.11,Electricity Maps Estimation,,
2024-06-22 00:00:00,Bosnia and Herzegovina,Bosnia and Herzegovina,BA,343.23,380.43,54.51,46.21,Electricity Maps Estimation,,
2024-06-23 00:00:00,Bosnia and Herzegovina,Bosnia and Herzegovina,BA,322.55,358.55,56.93,48.13,Electricity Maps Estimation,,
2024-06-24 00:00:00,Bosnia and Herzegovina,Bosnia and Herzegovina,BA,365.75,402.37,51.87,47.30,Electricity Maps Estimation,,
2024-06-25 00:00:00,Bosnia and Herzegovina,Bosnia and Herzegovina,BA,437.53,477.20,42.64,41.35,Electricity Maps Estimation,,
2024-06-26 00:00:00,Bosnia and Herzegovina,Bosnia and Herzegovina,BA,429.66,469.18,43.53,41.42,Electricity Maps Estimation,,
2024-06-27 00:00:00,Bosnia and Herzegovina,Bosnia and Herzegovina,BA,384.11,422.09,49.09,44.67,Electricity Maps Estimation,,
2024-06-28 00:00:00,Bosnia and Herzegovina,Bosnia and Herzegovina,BA,378.37,415.31,50.32,45.90,Electricity Maps Estimation,,
2024-06-29 00:00:00,Bosnia and Herzegovina,Bosnia and Herzegovina,BA,373.80,410.28,51.19,45.45,Electricity Maps Estimation,,
2024-06-30 00:00:00,Bosnia and Herzegovina,Bosnia and Herzegovina,BA,364.71,401.09,52.30,45.90,Electricity Maps Estimation,,
2024-07-01 00:00:00,Bosnia and Herzegovina,Bosnia and Herzegovina,BA,427.94,465.01,46.05,41.87,Electricity Maps Estimation,,
2024-07-02 00:00:00,Bosnia and Herzegovina,Bosnia and Herzegovina,BA,392.79,428.29,50.37,45.89,Electricity Maps Estimation,,
2024-07-03 00:00:00,Bosnia and Herzegovina,Bosnia and Herzegovina,BA,418.14,455.14,47.05,43.18,Electricity Maps Estimation,,
2024-07-04 00:00:00,Bosnia and Herzegovina,Bosnia and Herzegovina,BA,423.30,461.59,45.88,41.79,Electricity Maps Estimation,,
2024-07-05 00:00:00,Bosnia and Herzegovina,Bosnia and Herzegovina,BA,407.05,445.52,47.57,41.68,entsoe.eu; Electricity Maps Estimation,,
2024-07-06 00:00:00,Bosnia and Herzegovina,Bosnia and Herzegovina,BA,396.50,436.54,47.79,39.03,entsoe.eu; Electricity Maps Estimation,,
2024-07-07 00:00:00,Bosnia and Herzegovina,Bosnia and Herzegovina,BA,413.47,456.12,44.43,36.31,entsoe.eu; Electricity Maps Estimation,,
2024-07-08 00:00:00,Bosnia and Herzegovina,Bosnia and Herzegovina,BA,453.46,492.61,42.46,39.53,entsoe.eu; Electricity Maps Estimation,,
2024-07-09 00:00:00,Bosnia and Herzegovina,Bosnia and Herzegovina,BA,441.51,479.76,44.13,40.71,entsoe.eu; Electricity Maps Estimation,,
2024-07-10 00:00:00,Bosnia and Herzegovina,Bosnia and Herzegovina,BA,435.00,473.28,44.81,41.60,entsoe.eu,,
2024-07-11 00:00:00,Bosnia and Herzegovina,Bosnia and Herzegovina,BA,441.33,480.07,44.12,40.30,entsoe.eu,,
2024-07-12 00:00:00,Bosnia and Herzegovina,Bosnia and Herzegovina,BA,460.03,499.35,41.72,39.02,entsoe.eu; Electricity Maps Estimation,,
2024-07-13 00:00:00,Bosnia and Herzegovina,Bosnia and Herzegovina,BA,450.70,492.44,41.69,35.93,entsoe.eu,,
2024-07-14 00:00:00,Bosnia and Herzegovina,Bosnia and Herzegovina,BA,453.64,495.70,41.44,34.54,entsoe.eu; Electricity Maps Estimation,,
2024-07-15 00:00:00,Bosnia and Herzegovina,Bosnia and Herzegovina,BA,504.13,544.62,37.35,34.70,entsoe.eu; Electricity Maps Estimation,,
2024-07-16 00:00:00,Bosnia and Herzegovina,Bosnia and Herzegovina,BA,520.87,562.87,34.57,32.56,entsoe.eu; Electricity Maps Estimation,,
2024-07-17 00:00:00,Bosnia and Herzegovina,Bosnia and Herzegovina,BA,516.99,560.29,33.77,31.70,entsoe.eu; Electricity Maps Estimation,,
2024-07-18 00:00:00,Bosnia and Herzegovina,Bosnia and Herzegovina,BA,509.55,551.66,35.25,33.67,entsoe.eu; Electricity Maps Estimation,,
2024-07-19 00:00:00,Bosnia and Herzegovina,Bosnia and Herzegovina,BA,506.13,548.44,35.53,33.52,entsoe.eu; Electricity Maps Estimation,,
2024-07-20 00:00:00,Bosnia and Herzegovina,Bosnia and Herzegovina,BA,523.68,568.44,32.71,28.74,entsoe.eu; Electricity Maps Estimation,,
2024-07-21 00:00:00,Bosnia and Herzegovina,Bosnia and Herzegovina,BA,476.81,519.82,38.65,31.43,entsoe.eu; Electricity Maps Estimation,,
2024-07-22 00:00:00,Bosnia and Herzegovina,Bosnia and Herzegovina,BA,468.67,508.52,40.64,36.81,entsoe.eu; Electricity Maps Estimation,,
2024-07-23 00:00:00,Bosnia and Herzegovina,Bosnia and Herzegovina,BA,462.56,502.77,41.02,37.56,entsoe.eu; Electricity Maps Estimation,,
2024-07-24 00:00:00,Bosnia and Herzegovina,Bosnia and Herzegovina,BA,499.08,541.05,36.39,33.94,entsoe.eu,,
2024-07-25 00:00:00,Bosnia and Herzegovina,Bosnia and Herzegovina,BA,529.58,572.44,32.96,32.07,entsoe.eu; Electricity Maps Estimation,,
2024-07-26 00:00:00,Bosnia and Herzegovina,Bosnia and Herzegovina,BA,515.14,558.55,34.11,31.33,entsoe.eu; Electricity Maps Estimation,,
2024-07-27 00:00:00,Bosnia and Herzegovina,Bosnia and Herzegovina,BA,456.23,496.25,42.09,37.27,entsoe.eu; Electricity Maps Estimation,,
2024-07-28 00:00:00,Bosnia and Herzegovina,Bosnia and Herzegovina,BA,417.73,457.04,46.90,38.67,entsoe.eu; Electricity Maps Estimation,,
2024-07-29 00:00:00,Bosnia and Herzegovina,Bosnia and Herzegovina,BA,400.02,436.62,49.40,45.53,entsoe.eu; Electricity Maps Estimation,,
2024-07-30 00:00:00,Bosnia and Herzegovina,Bosnia and Herzegovina,BA,399.69,436.47,49.75,45.28,entsoe.eu; Electricity Maps Estimation,,
2024-07-31 00:00:00,Bosnia and Herzegovina,Bosnia and Herzegovina,BA,411.82,448.93,48.77,42.50,entsoe.eu; Electricity Maps Estimation,,
2024-08-01 00:00:00,Bosnia and Herzegovina,Bosnia and Herzegovina,BA,468.87,508.78,41.09,36.45,entsoe.eu; Electricity Maps Estimation,,
2024-08-02 00:00:00,Bosnia and Herzegovina,Bosnia and Herzegovina,BA,440.15,478.22,45.25,39.98,entsoe.eu; Electricity Maps Estimation,,
2024-08-03 00:00:00,Bosnia and Herzegovina,Bosnia and Herzegovina,BA,409.52,448.99,46.67,39.75,entsoe.eu; Electricity Maps Estimation,,
2024-08-04 00:00:00,Bosnia and Herzegovina,Bosnia and Herzegovina,BA,400.59,440.95,46.79,39.20,entsoe.eu; Electricity Maps Estimation,,
2024-08-05 00:00:00,Bosnia and Herzegovina,Bosnia and Herzegovina,BA,393.37,432.57,48.15,41.66,entsoe.eu; Electricity Maps Estimation,,
2024-08-06 00:00:00,Bosnia and Herzegovina,Bosnia and Herzegovina,BA,420.77,462.35,44.44,37.33,entsoe.eu; Electricity Maps Estimation,,
2024-08-07 00:00:00,Bosnia and Herzegovina,Bosnia and Herzegovina,BA,423.74,464.76,44.21,36.84,entsoe.eu; Electricity Maps Estimation,,
2024-08-08 00:00:00,Bosnia and Herzegovina,Bosnia and Herzegovina,BA,447.62,490.06,40.99,34.70,entsoe.eu; Electricity Maps Estimation,,
2024-08-09 00:00:00,Bosnia and Herzegovina,Bosnia and Herzegovina,BA,398.94,439.50,47.10,39.81,entsoe.eu; Electricity Maps Estimation,,
2024-08-10 00:00:00,Bosnia and Herzegovina,Bosnia and Herzegovina,BA,400.42,441.65,47.07,38.00,entsoe.eu; Electricity Maps Estimation,,
2024-08-11 00:00:00,Bosnia and Herzegovina,Bosnia and Herzegovina,BA,431.57,475.43,42.63,33.50,entsoe.eu; Electricity Maps Estimation,,
2024-08-12 00:00:00,Bosnia and Herzegovina,Bosnia and Herzegovina,BA,446.00,487.32,41.67,38.06,entsoe.eu; Electricity Maps Estimation,,
2024-08-13 00:00:00,Bosnia and Herzegovina,Bosnia and Herzegovina,BA,458.96,498.49,42.20,38.37,entsoe.eu; Electricity Maps Estimation,,
2024-08-14 00:00:00,Bosnia and Herzegovina,Bosnia and Herzegovina,BA,492.71,536.69,35.30,33.11,entsoe.eu; Electricity Maps Estimation,,
2024-08-15 00:00:00,Bosnia and Herzegovina,Bosnia and Herzegovina,BA,514.26,560.61,31.89,29.67,entsoe.eu; Electricity Maps Estimation,,
2024-08-16 00:00:00,Bosnia and Herzegovina,Bosnia and Herzegovina,BA,489.65,534.09,35.71,32.93,entsoe.eu; Electricity Maps Estimation,,
2024-08-17 00:00:00,Bosnia and Herzegovina,Bosnia and Herzegovina,BA,509.58,556.21,32.52,29.01,entsoe.eu; Electricity Maps Estimation,,
2024-08-18 00:00:00,Bosnia and Herzegovina,Bosnia and Herzegovina,BA,531.93,580.59,29.54,24.40,entsoe.eu; Electricity Maps Estimation,,
2024-08-19 00:00:00,Bosnia and Herzegovina,Bosnia and Herzegovina,BA,495.98,541.48,34.59,30.31,entsoe.eu; Electricity Maps Estimation,,
2024-08-20 00:00:00,Bosnia and Herzegovina,Bosnia and Herzegovina,BA,469.99,514.83,37.66,32.78,entsoe.eu; Electricity Maps Estimation,,
2024-08-21 00:00:00,Bosnia and Herzegovina,Bosnia and Herzegovina,BA,500.02,545.68,33.78,30.89,entsoe.eu; Electricity Maps Estimation,,
2024-08-22 00:00:00,Bosnia and Herzegovina,Bosnia and Herzegovina,BA,531.74,579.32,29.68,27.28,entsoe.eu; Electricity Maps Estimation,,
2024-08-23 00:00:00,Bosnia and Herzegovina,Bosnia and Herzegovina,BA,536.25,583.38,29.20,27.21,entsoe.eu; Electricity Maps Estimation,,
2024-08-24 00:00:00,Bosnia and Herzegovina,Bosnia and Herzegovina,BA,481.28,525.99,36.58,31.82,entsoe.eu; Electricity Maps Estimation,,
2024-08-25 00:00:00,Bosnia and Herzegovina,Bosnia and Herzegovina,BA,484.22,529.62,36.25,29.93,entsoe.eu; Electricity Maps Estimation,,
2024-08-26 00:00:00,Bosnia and Herzegovina,Bosnia and Herzegovina,BA,492.79,537.32,34.98,32.87,entsoe.eu; Electricity Maps Estimation,,
2024-08-27 00:00:00,Bosnia and Herzegovina,Bosnia and Herzegovina,BA,497.10,542.66,34.28,31.78,entsoe.eu; Electricity Maps Estimation,,
2024-08-28 00:00:00,Bosnia and Herzegovina,Bosnia and Herzegovina,BA,530.31,577.30,29.91,28.24,entsoe.eu; Electricity Maps Estimation,,
2024-08-29 00:00:00,Bosnia and Herzegovina,Bosnia and Herzegovina,BA,558.76,606.60,26.28,25.73,entsoe.eu; Electricity Maps Estimation,,
2024-08-30 00:00:00,Bosnia and Herzegovina,Bosnia and Herzegovina,BA,544.68,591.95,28.18,27.13,entsoe.eu; Electricity Maps Estimation,,
2024-08-31 00:00:00,Bosnia and Herzegovina,Bosnia and Herzegovina,BA,551.89,600.47,27.13,24.99,entsoe.eu; Electricity Maps Estimation,,
2024-09-01 00:00:00,Bosnia and Herzegovina,Bosnia and Herzegovina,BA,598.26,649.43,21.07,19.29,entsoe.eu; Electricity Maps Estimation,,
2024-09-02 00:00:00,Bosnia and Herzegovina,Bosnia and Herzegovina,BA,583.81,633.00,23.12,22.81,entsoe.eu; Electricity Maps Estimation,,
2024-09-03 00:00:00,Bosnia and Herzegovina,Bosnia and Herzegovina,BA,552.31,599.79,27.21,26.77,entsoe.eu; Electricity Maps Estimation,,
2024-09-04 00:00:00,Bosnia and Herzegovina,Bosnia and Herzegovina,BA,588.30,637.66,22.58,22.31,entsoe.eu; Electricity Maps Estimation,,
2024-09-05 00:00:00,Bosnia and Herzegovina,Bosnia and Herzegovina,BA,611.50,662.53,19.50,18.95,entsoe.eu; Electricity Maps Estimation,,
2024-09-06 00:00:00,Bosnia and Herzegovina,Bosnia and Herzegovina,BA,621.76,673.40,18.15,17.59,entsoe.eu; Electricity Maps Estimation,,
2024-09-07 00:00:00,Bosnia and Herzegovina,Bosnia and Herzegovina,BA,612.76,664.43,19.24,17.97,entsoe.eu; Electricity Maps Estimation,,
2024-09-08 00:00:00,Bosnia and Herzegovina,Bosnia and Herzegovina,BA,597.10,647.92,21.29,19.50,entsoe.eu; Electricity Maps Estimation,,
2024-09-09 00:00:00,Bosnia and Herzegovina,Bosnia and Herzegovina,BA,565.92,614.72,25.15,24.05,entsoe.eu,,
2024-09-10 00:00:00,Bosnia and Herzegovina,Bosnia and Herzegovina,BA,507.29,554.62,32.07,29.56,entsoe.eu; Electricity Maps Estimation,,
2024-09-11 00:00:00,Bosnia and Herzegovina,Bosnia and Herzegovina,BA,578.45,628.42,23.29,22.20,entsoe.eu; Electricity Maps Estimation,,
2024-09-12 00:00:00,Bosnia and Herzegovina,Bosnia and Herzegovina,BA,559.10,608.18,25.75,24.25,entsoe.eu; Electricity Maps Estimation,,
2024-09-13 00:00:00,Bosnia and Herzegovina,Bosnia and Herzegovina,BA,541.96,589.65,28.03,27.14,entsoe.eu; Electricity Maps Estimation,,
2024-09-14 00:00:00,Bosnia and Herzegovina,Bosnia and Herzegovina,BA,427.58,471.38,41.99,36.86,entsoe.eu; Electricity Maps Estimation,,
2024-09-15 00:00:00,Bosnia and Herzegovina,Bosnia and Herzegovina,BA,401.69,444.03,45.32,39.51,entsoe.eu; Electricity Maps Estimation,,
2024-09-16 00:00:00,Bosnia and Herzegovina,Bosnia and Herzegovina,BA,460.90,503.64,38.90,37.15,entsoe.eu; Electricity Maps Estimation,,
2024-09-17 00:00:00,Bosnia and Herzegovina,Bosnia and Herzegovina,BA,490.77,535.83,34.92,33.06,entsoe.eu; Electricity Maps Estimation,,
2024-09-18 00:00:00,Bosnia and Herzegovina,Bosnia and Herzegovina,BA,485.58,530.77,35.26,33.78,entsoe.eu; Electricity Maps Estimation,,
2024-09-19 00:00:00,Bosnia and Herzegovina,Bosnia and Herzegovina,BA,518.63,565.56,31.26,29.24,entsoe.eu,,
2024-09-20 00:00:00,Bosnia and Herzegovina,Bosnia and Herzegovina,BA,536.21,584.28,28.93,27.13,entsoe.eu; Electricity Maps Estimation,,
2024-09-21 00:00:00,Bosnia and Herzegovina,Bosnia and Herzegovina,BA,529.94,577.74,30.24,27.06,entsoe.eu,,
2024-09-22 00:00:00,Bosnia and Herzegovina,Bosnia and Herzegovina,BA,486.15,531.56,35.55,31.87,entsoe.eu; Electricity Maps Estimation,,
2024-09-23 00:00:00,Bosnia and Herzegovina,Bosnia and Herzegovina,BA,494.63,541.28,33.90,31.10,entsoe.eu,,
2024-09-24 00:00:00,Bosnia and Herzegovina,Bosnia and Herzegovina,BA,459.15,503.03,38.91,35.51,entsoe.eu; Electricity Maps Estimation,,
2024-09-25 00:00:00,Bosnia and Herzegovina,Bosnia and Herzegovina,BA,500.30,543.46,36.44,32.18,entsoe.eu; Electricity Maps Estimation,,
2024-09-26 00:00:00,Bosnia and Herzegovina,Bosnia and Herzegovina,BA,422.18,456.21,50.41,44.61,entsoe.eu; Electricity Maps Estimation,,
2024-09-27 00:00:00,Bosnia and Herzegovina,Bosnia and Herzegovina,BA,429.54,466.70,46.27,40.45,entsoe.eu,,
2024-09-28 00:00:00,Bosnia and Herzegovina,Bosnia and Herzegovina,BA,406.30,443.02,48.53,39.72,entsoe.eu; Electricity Maps Estimation,,
2024-09-29 00:00:00,Bosnia and Herzegovina,Bosnia and Herzegovina,BA,413.95,451.16,46.97,42.82,entsoe.eu,,
2024-09-30 00:00:00,Bosnia and Herzegovina,Bosnia and Herzegovina,BA,498.26,538.67,37.53,35.48,entsoe.eu,,
2024-10-01 00:00:00,Bosnia and Herzegovina,Bosnia and Herzegovina,BA,481.67,519.89,40.25,38.69,entsoe.eu,,
2024-10-02 00:00:00,Bosnia and Herzegovina,Bosnia and Herzegovina,BA,470.48,507.79,41.58,40.31,entsoe.eu,,
2024-10-03 00:00:00,Bosnia and Herzegovina,Bosnia and Herzegovina,BA,477.31,516.59,39.48,38.76,entsoe.eu,,
2024-10-04 00:00:00,Bosnia and Herzegovina,Bosnia and Herzegovina,BA,451.51,487.63,44.30,43.90,entsoe.eu; Electricity Maps Estimation,,
2024-10-05 00:00:00,Bosnia and Herzegovina,Bosnia and Herzegovina,BA,387.54,419.02,52.63,51.61,entsoe.eu,,
2024-10-06 00:00:00,Bosnia and Herzegovina,Bosnia and Herzegovina,BA,383.93,416.48,51.76,49.16,entsoe.eu,,
2024-10-07 00:00:00,Bosnia and Herzegovina,Bosnia and Herzegovina,BA,357.23,388.25,55.38,54.45,entsoe.eu,,
2024-10-08 00:00:00,Bosnia and Herzegovina,Bosnia and Herzegovina,BA,362.78,396.62,52.41,51.52,entsoe.eu,,
2024-10-09 00:00:00,Bosnia and Herzegovina,Bosnia and Herzegovina,BA,383.90,418.61,50.12,49.28,entsoe.eu; Electricity Maps Estimation,,
2024-10-10 00:00:00,Bosnia and Herzegovina,Bosnia and Herzegovina,BA,388.52,423.29,49.64,47.21,entsoe.eu,,
2024-10-11 00:00:00,Bosnia and Herzegovina,Bosnia and Herzegovina,BA,389.57,423.97,49.94,47.02,entsoe.eu,,
2024-10-12 00:00:00,Bosnia and Herzegovina,Bosnia and Herzegovina,BA,366.29,399.57,52.72,48.31,entsoe.eu,,
2024-10-13 00:00:00,Bosnia and Herzegovina,Bosnia and Herzegovina,BA,343.08,375.49,56.21,46.53,entsoe.eu,,
2024-10-14 00:00:00,Bosnia and Herzegovina,Bosnia and Herzegovina,BA,401.61,437.51,48.12,45.90,entsoe.eu; Electricity Maps Estimation,,
2024-10-15 00:00:00,Bosnia and Herzegovina,Bosnia and Herzegovina,BA,393.09,429.34,48.38,47.09,entsoe.eu,,
2024-10-16 00:00:00,Bosnia and Herzegovina,Bosnia and Herzegovina,BA,425.88,464.11,44.28,41.12,entsoe.eu,,
2024-10-17 00:00:00,Bosnia and Herzegovina,Bosnia and Herzegovina,BA,424.46,463.09,44.15,43.12,entsoe.eu; Electricity Maps Estimation,,
2024-10-18 00:00:00,Bosnia and Herzegovina,Bosnia and Herzegovina,BA,430.90,469.80,43.48,42.14,entsoe.eu,,
2024-10-19 00:00:00,Bosnia and Herzegovina,Bosnia and Herzegovina,BA,436.35,477.71,42.51,38.96,entsoe.eu; Electricity Maps Estimation,,
2024-10-20 00:00:00,Bosnia and Herzegovina,Bosnia and Herzegovina,BA,387.11,426.52,48.91,42.79,entsoe.eu,,
2024-10-21 00:00:00,Bosnia and Herzegovina,Bosnia and Herzegovina,BA,422.13,461.07,44.57,42.06,entsoe.eu; Electricity Maps Estimation,,
2024-10-22 00:00:00,Bosnia and Herzegovina,Bosnia and Herzegovina,BA,449.84,490.66,40.79,39.55,entsoe.eu,,
2024-10-23 00:00:00,Bosnia and Herzegovina,Bosnia and Herzegovina,BA,448.88,489.77,40.81,39.96,entsoe.eu,,
2024-10-24 00:00:00,Bosnia and Herzegovina,Bosnia and Herzegovina,BA,455.18,496.73,39.97,38.56,entsoe.eu; Electricity Maps Estimation,,
2024-10-25 00:00:00,Bosnia and Herzegovina,Bosnia and Herzegovina,BA,444.00,484.75,41.52,39.28,entsoe.eu; Electricity Maps Estimation,,
2024-10-26 00:00:00,Bosnia and Herzegovina,Bosnia and Herzegovina,BA,404.29,444.07,46.07,42.28,entsoe.eu; Electricity Maps Estimation,,
2024-10-27 00:00:00,Bosnia and Herzegovina,Bosnia and Herzegovina,BA,423.40,465.92,43.53,38.19,entsoe.eu; Electricity Maps Estimation,,
2024-10-28 00:00:00,Bosnia and Herzegovina,Bosnia and Herzegovina,BA,429.98,470.77,42.99,40.29,entsoe.eu; Electricity Maps Estimation,,
2024-10-29 00:00:00,Bosnia and Herzegovina,Bosnia and Herzegovina,BA,437.15,477.93,42.07,40.55,entsoe.eu; Electricity Maps Estimation,,
2024-10-30 00:00:00,Bosnia and Herzegovina,Bosnia and Herzegovina,BA,419.34,458.51,44.64,43.27,entsoe.eu; Electricity Maps Estimation,,
2024-10-31 00:00:00,Bosnia and Herzegovina,Bosnia and Herzegovina,BA,432.85,472.72,42.95,41.64,entsoe.eu,,
2024-11-01 00:00:00,Bosnia and Herzegovina,Bosnia and Herzegovina,BA,450.37,494.07,40.24,35.92,entsoe.eu,,
2024-11-02 00:00:00,Bosnia and Herzegovina,Bosnia and Herzegovina,BA,469.00,512.52,38.02,35.96,entsoe.eu,,
2024-11-03 00:00:00,Bosnia and Herzegovina,Bosnia and Herzegovina,BA,399.80,439.55,47.21,43.83,entsoe.eu,,
2024-11-04 00:00:00,Bosnia and Herzegovina,Bosnia and Herzegovina,BA,377.64,414.72,49.93,48.65,entsoe.eu,,
2024-11-05 00:00:00,Bosnia and Herzegovina,Bosnia and Herzegovina,BA,428.99,468.05,43.84,42.58,entsoe.eu,,
2024-11-06 00:00:00,Bosnia and Herzegovina,Bosnia and Herzegovina,BA,430.87,469.80,43.76,43.33,entsoe.eu,,
2024-11-07 00:00:00,Bosnia and Herzegovina,Bosnia and Herzegovina,BA,465.09,507.38,38.44,37.68,entsoe.eu,,
2024-11-08 00:00:00,Bosnia and Herzegovina,Bosnia and Herzegovina,BA,514.69,559.73,32.17,31.36,entsoe.eu,,
2024-11-09 00:00:00,Bosnia and Herzegovina,Bosnia and Herzegovina,BA,514.19,560.20,32.08,29.78,entsoe.eu; Electricity Maps Estimation,,
2024-11-10 00:00:00,Bosnia and Herzegovina,Bosnia and Herzegovina,BA,532.57,579.20,29.74,28.16,entsoe.eu,,
2024-11-11 00:00:00,Bosnia and Herzegovina,Bosnia and Herzegovina,BA,472.20,513.96,38.99,36.56,entsoe.eu; Electricity Maps Estimation,,
2024-11-12 00:00:00,Bosnia and Herzegovina,Bosnia and Herzegovina,BA,458.12,497.91,41.28,39.66,entsoe.eu; Electricity Maps Estimation,,
2024-11-13 00:00:00,Bosnia and Herzegovina,Bosnia and Herzegovina,BA,503.76,546.21,35.33,33.98,entsoe.eu; Electricity Maps Estimation,,
2024-11-14 00:00:00,Bosnia and Herzegovina,Bosnia and Herzegovina,BA,516.92,559.29,33.91,33.52,entsoe.eu; Electricity Maps Estimation,,
2024-11-15 00:00:00,Bosnia and Herzegovina,Bosnia and Herzegovina,BA,504.68,547.43,34.71,33.92,entsoe.eu; Electricity Maps Estimation,,
2024-11-16 00:00:00,Bosnia and Herzegovina,Bosnia and Herzegovina,BA,529.48,573.11,32.26,31.00,Electricity Maps Estimation,,
2024-11-17 00:00:00,Bosnia and Herzegovina,Bosnia and Herzegovina,BA,592.51,637.73,26.04,25.30,entsoe.eu; Electricity Maps Estimation,,
2024-11-18 00:00:00,Bosnia and Herzegovina,Bosnia and Herzegovina,BA,523.63,566.52,33.03,32.87,entsoe.eu; Electricity Maps Estimation,,
2024-11-19 00:00:00,Bosnia and Herzegovina,Bosnia and Herzegovina,BA,521.70,565.74,32.44,32.16,entsoe.eu; Electricity Maps Estimation,,
2024-11-20 00:00:00,Bosnia and Herzegovina,Bosnia and Herzegovina,BA,525.93,568.68,32.79,32.64,entsoe.eu; Electricity Maps Estimation,,
2024-11-21 00:00:00,Bosnia and Herzegovina,Bosnia and Herzegovina,BA,519.97,563.79,32.47,31.70,entsoe.eu; Electricity Maps Estimation,,
2024-11-22 00:00:00,Bosnia and Herzegovina,Bosnia and Herzegovina,BA,491.86,533.44,36.26,35.80,entsoe.eu; Electricity Maps Estimation,,
2024-11-23 00:00:00,Bosnia and Herzegovina,Bosnia and Herzegovina,BA,472.30,511.24,40.13,39.62,entsoe.eu,,
2024-11-24 00:00:00,Bosnia and Herzegovina,Bosnia and Herzegovina,BA,494.74,535.39,37.05,35.66,entsoe.eu,,
2024-11-25 00:00:00,Bosnia and Herzegovina,Bosnia and Herzegovina,BA,501.16,544.01,34.70,33.44,entsoe.eu,,
2024-11-26 00:00:00,Bosnia and Herzegovina,Bosnia and Herzegovina,BA,496.82,538.83,35.55,35.06,entsoe.eu,,
2024-11-27 00:00:00,Bosnia and Herzegovina,Bosnia and Herzegovina,BA,497.70,540.22,35.27,34.33,entsoe.eu,,
2024-11-28 00:00:00,Bosnia and Herzegovina,Bosnia and Herzegovina,BA,504.98,548.21,34.12,32.74,entsoe.eu,,
2024-11-29 00:00:00,Bosnia and Herzegovina,Bosnia and Herzegovina,BA,478.78,520.84,37.32,35.92,entsoe.eu,,
2024-11-30 00:00:00,Bosnia and Herzegovina,Bosnia and Herzegovina,BA,497.72,541.92,34.19,33.37,entsoe.eu,,
2024-12-01 00:00:00,Bosnia and Herzegovina,Bosnia and Herzegovina,BA,505.19,550.04,33.12,31.96,entsoe.eu,,
2024-12-02 00:00:00,Bosnia and Herzegovina,Bosnia and Herzegovina,BA,468.65,509.79,39.62,36.91,entsoe.eu,,
2024-12-03 00:00:00,Bosnia and Herzegovina,Bosnia and Herzegovina,BA,495.57,536.10,37.21,36.02,entsoe.eu,,
2024-12-04 00:00:00,Bosnia and Herzegovina,Bosnia and Herzegovina,BA,483.17,523.62,38.26,37.42,entsoe.eu,,
2024-12-05 00:00:00,Bosnia and Herzegovina,Bosnia and Herzegovina,BA,469.14,508.53,40.05,39.22,entsoe.eu,,
2024-12-06 00:00:00,Bosnia and Herzegovina,Bosnia and Herzegovina,BA,486.61,527.61,37.68,36.21,entsoe.eu,,
2024-12-07 00:00:00,Bosnia and Herzegovina,Bosnia and Herzegovina,BA,504.08,547.73,35.08,32.41,entsoe.eu,,
2024-12-08 00:00:00,Bosnia and Herzegovina,Bosnia and Herzegovina,BA,510.56,554.57,33.46,32.34,entsoe.eu,,
2024-12-09 00:00:00,Bosnia and Herzegovina,Bosnia and Herzegovina,BA,478.01,518.89,38.21,37.78,entsoe.eu,,
2024-12-10 00:00:00,Bosnia and Herzegovina,Bosnia and Herzegovina,BA,459.70,501.05,39.49,38.79,entsoe.eu,,
2024-12-11 00:00:00,Bosnia and Herzegovina,Bosnia and Herzegovina,BA,444.76,483.65,42.65,42.50,entsoe.eu,,
2024-12-12 00:00:00,Bosnia and Herzegovina,Bosnia and Herzegovina,BA,435.60,473.58,43.98,43.93,entsoe.eu,,
2024-12-13 00:00:00,Bosnia and Herzegovina,Bosnia and Herzegovina,BA,451.64,490.25,42.61,41.83,entsoe.eu,,
2024-12-14 00:00:00,Bosnia and Herzegovina,Bosnia and Herzegovina,BA,485.75,527.06,38.10,36.45,entsoe.eu,,
2024-12-15 00:00:00,Bosnia and Herzegovina,Bosnia and Herzegovina,BA,468.20,510.03,40.02,35.94,entsoe.eu,,
2024-12-16 00:00:00,Bosnia and Herzegovina,Bosnia and Herzegovina,BA,491.77,532.61,37.61,36.38,entsoe.eu,,
2024-12-17 00:00:00,Bosnia and Herzegovina,Bosnia and Herzegovina,BA,466.00,506.61,40.26,37.47,entsoe.eu,,
2024-12-18 00:00:00,Bosnia and Herzegovina,Bosnia and Herzegovina,BA,472.40,510.85,41.18,38.58,entsoe.eu,,
2024-12-19 00:00:00,Bosnia and Herzegovina,Bosnia and Herzegovina,BA,468.20,507.43,40.60,38.32,entsoe.eu,,
2024-12-20 00:00:00,Bosnia and Herzegovina,Bosnia and Herzegovina,BA,414.68,451.63,46.72,43.29,entsoe.eu,,
2024-12-21 00:00:00,Bosnia and Herzegovina,Bosnia and Herzegovina,BA,401.53,440.17,47.45,42.87,entsoe.eu,,
2024-12-22 00:00:00,Bosnia and Herzegovina,Bosnia and Herzegovina,BA,417.59,455.96,45.98,39.91,entsoe.eu,,
2024-12-23 00:00:00,Bosnia and Herzegovina,Bosnia and Herzegovina,BA,394.19,428.49,50.23,46.35,entsoe.eu,,
2024-12-24 00:00:00,Bosnia and Herzegovina,Bosnia and Herzegovina,BA,426.15,463.57,45.17,40.04,entsoe.eu,,
2024-12-25 00:00:00,Bosnia and Herzegovina,Bosnia and Herzegovina,BA,437.77,479.03,41.69,38.28,entsoe.eu,,
2024-12-26 00:00:00,Bosnia and Herzegovina,Bosnia and Herzegovina,BA,423.16,463.51,43.66,41.88,entsoe.eu,,
2024-12-27 00:00:00,Bosnia and Herzegovina,Bosnia and Herzegovina,BA,416.51,455.40,45.25,42.79,entsoe.eu,,
2024-12-28 00:00:00,Bosnia and Herzegovina,Bosnia and Herzegovina,BA,434.48,476.88,41.76,37.50,entsoe.eu,,
2024-12-29 00:00:00,Bosnia and Herzegovina,Bosnia and Herzegovina,BA,460.81,505.14,38.33,33.06,entsoe.eu,,
2024-12-30 00:00:00,Bosnia and Herzegovina,Bosnia and Herzegovina,BA,441.87,484.52,40.94,35.61,entsoe.eu,,
2024-12-31 00:00:00,Bosnia and Herzegovina,Bosnia and Herzegovina,BA,447.11,490.26,40.97,34.93,entsoe.eu,,
